SECID,BOARDID,BID,BIDDEPTH,OFFER,OFFERDEPTH,SPREAD,BIDDEPTHT,OFFERDEPTHT,OPEN,LOW,HIGH,LAST,LASTCHANGE,LASTCHANGEPRCNT,QTY,VALUE,VALUE_USD,WAPRICE,LASTCNGTOLASTWAPRICE,WAPTOPREVWAPRICEPRCNT,WAPTOPREVWAPRICE,CLOSEPRICE,MARKETPRICETODAY,MARKETPRICE,LASTTOPREVPRICE,NUMTRADES,VOLTODAY,VALTODAY,VALTODAY_USD,ETFSETTLEPRICE,TRADINGSTATUS,UPDATETIME,LASTBID,LASTOFFER,LCLOSEPRICE,LCURRENTPRICE,MARKETPRICE2,NUMBIDS,NUMOFFERS,CHANGE,TIME,HIGHBID,LOWOFFER,PRICEMINUSPREVWAPRICE,OPENPERIODPRICE,SEQNUM,SYSTIME,CLOSINGAUCTIONPRICE,CLOSINGAUCTIONVOLUME,ISSUECAPITALIZATION,ISSUECAPITALIZATION_UPDATETIME,ETFSETTLECURRENCY,VALTODAY_RUR,TRADINGSESSION,TRENDISSUECAPITALIZATION
ABIO,TQBR,,,,,0,0,0,,,,,0,0,0,0.0,0,,0,0,0,,,101.14,0,0,0,0,0,,N,06:32:24,,,,,,,,,06:32:24,,,,,20240527064726,2024-05-27 06:47:26,,,9281221281.18,00:00:00,,0,,0.0
ABRD,TQBR,,,,,0,0,0,,,,,0,0,0,0.0,0,,0,0,0,,,287.0,0,0,0,0,0,,N,06:32:17,,,,,,,,,06:32:17,,,,,20240527064718,2024-05-27 06:47:18,,,28028052624.0,00:00:00,,0,,0.0
ACKO,TQBR,,,,,0,0,0,,,,,0,0,0,0.0,0,,0,0,0,,,,0,0,0,0,0,,N,06:32:17,,,,,,,,,06:32:17,,,,,20240527064718,2024-05-27 06:47:18,,,1918880000.0,00:00:00,,0,,0.0
AFKS,TQBR,,,,,0,0,0,,,,,0,0,0,0.0,0,,0,0,0,,,28.13,0,0,0,0,0,,N,06:32:24,,,,,,,,,06:32:24,,,,,20240527064726,2024-05-27 06:47:26,,,266870750000.0,00:00:00,,0,,0.0
AFLT,TQBR,,,,,0,0,0,,,,,0,0,0,0.0,0,,0,0,0,,,57.77,0,0,0,0,0,,N,06:32:24,,,,,,,,,06:32:24,,,,,20240527064726,2024-05-27 06:47:26,,,231111580727.95,00:00:00,,0,,0.0
AGRO,TQBR,,,,,0,0,0,,,,,0,0,0,0.0,0,,0,0,0,,,1434.4,0,0,0,0,0,,N,06:32:24,,,,,,,,,06:32:24,,,,,20240527064726,2024-05-27 06:47:26,,,,,,0,,
AKRN,TQBR,,,,,0,0,0,,,,,0,0,0,0.0,0,,0,0,0,,,16354.0,0,0,0,0,0,,N,06:32:17,,,,,,,,,06:32:17,,,,,20240527064718,2024-05-27 06:47:18,,,598774071240.0,00:00:00,,0,,0.0
ALRS,TQBR,,,,,0,0,0,,,,,0,0,0,0.0,0,,0,0,0,,,80.49,0,0,0,0,0,,N,06:32:24,,,,,,,,,06:32:24,,,,,20240527064726,2024-05-27 06:47:26,,,589565498681.5,00:00:00,,0,,0.0
AMEZ,TQBR,,,,,0,0,0,,,,,0,0,0,0.0,0,,0,0,0,,,62.44,0,0,0,0,0,,N,06:32:17,,,,,,,,,06:32:17,,,,,20240527064718,2024-05-27 06:47:18,,,31462468364.64,00:00:00,,0,,0.0
APTK,TQBR,,,,,0,0,0,,,,,0,0,0,0.0,0,,0,0,0,,,12.728,0,0,0,0,0,,N,06:32:17,,,,,,,,,06:32:17,,,,,20240527064718,2024-05-27 06:47:18,,,95975596663.43,00:00:00,,0,,0.0
AQUA,TQBR,,,,,0,0,0,,,,,0,0,0,0.0,0,,0,0,0,,,881.0,0,0,0,0,0,,N,06:32:24,,,,,,,,,06:32:24,,,,,20240527064726,2024-05-27 06:47:26,,,76804191226.0,00:00:00,,0,,0.0
ARSA,TQBR,,,,,0,0,0,,,,,0,0,0,0.0,0,,0,0,0,,,15.41,0,0,0,0,0,,N,06:32:17,,,,,,,,,06:32:17,,,,,20240527064718,2024-05-27 06:47:18,,,1895640796.15,00:00:00,,0,,0.0
ASSB,TQBR,,,,,0,0,0,,,,,0,0,0,0.0,0,,0,0,0,,,2.875,0,0,0,0,0,,N,06:32:17,,,,,,,,,06:32:17,,,,,20240527064718,2024-05-27 06:47:18,,,2190137220.74,00:00:00,,0,,0.0
ASTR,TQBR,,,,,0,0,0,,,,,0,0,0,0.0,0,,0,0,0,,,616.15,0,0,0,0,0,,N,06:32:24,,,,,,,,,06:32:24,,,,,20240527064726,2024-05-27 06:47:26,,,128520000000.0,00:00:00,,0,,0.0
AVAN,TQBR,,,,,0,0,0,,,,,0,0,0,0.0,0,,0,0,0,,,929.0,0,0,0,0,0,,N,06:32:17,,,,,,,,,06:32:17,,,,,20240527064718,2024-05-27 06:47:18,,,74163300000.0,00:00:00,,0,,0.0
BANE,TQBR,,,,,0,0,0,,,,,0,0,0,0.0,0,,0,0,0,,,3037.0,0,0,0,0,0,,N,06:32:24,,,,,,,,,06:32:24,,,,,20240527064726,2024-05-27 06:47:26,,,451153561183.5,00:00:00,,0,,0.0
BANEP,TQBR,,,,,0,0,0,,,,,0,0,0,0.0,0,,0,0,0,,,2260.0,0,0,0,0,0,,N,06:32:24,,,,,,,,,06:32:24,,,,,20240527064726,2024-05-27 06:47:26,,,67216649078.0,00:00:00,,0,,0.0
BELU,TQBR,,,,,0,0,0,,,,,0,0,0,0.0,0,,0,0,0,,,5665.0,0,0,0,0,0,,N,06:32:24,,,,,,,,,06:32:24,,,,,20240527064726,2024-05-27 06:47:26,,,88906600000.0,00:00:00,,0,,0.0
BISVP,TQBR,,,,,0,0,0,,,,,0,0,0,0.0,0,,0,0,0,,,14.06,0,0,0,0,0,,N,06:32:17,,,,,,,,,06:32:17,,,,,20240527064718,2024-05-27 06:47:18,,,501973947.6,00:00:00,,0,,0.0
BLNG,TQBR,,,,,0,0,0,,,,,0,0,0,0.0,0,,0,0,0,,,26.95,0,0,0,0,0,,N,06:32:17,,,,,,,,,06:32:17,,,,,20240527064718,2024-05-27 06:47:18,,,30762500000.0,00:00:00,,0,,0.0
BRZL,TQBR,,,,,0,0,0,,,,,0,0,0,0.0,0,,0,0,0,,,2439.0,0,0,0,0,0,,N,06:32:17,,,,,,,,,06:32:17,,,,,20240527064718,2024-05-27 06:47:18,,,16795175300.0,00:00:00,,0,,0.0
BSPB,TQBR,,,,,0,0,0,,,,,0,0,0,0.0,0,,0,0,0,,,369.95,0,0,0,0,0,,N,06:32:24,,,,,,,,,06:32:24,,,,,20240527064726,2024-05-27 06:47:26,,,168650729826.6,00:00:00,,0,,-1598175880.0
BSPBP,TQBR,,,,,0,0,0,,,,,0,0,0,0.0,0,,0,0,0,,,55.9,0,0,0,0,0,,N,06:32:18,,,,,,,,,06:32:18,,,,,20240527064718,2024-05-27 06:47:18,,,1119570000.0,00:00:00,,0,,0.0
CARM,TQBR,,,,,0,0,0,,,,,0,0,0,0.0,0,,0,0,0,,,2.161,0,0,0,0,0,,N,06:32:24,,,,,,,,,06:32:24,,,,,20240527064726,2024-05-27 06:47:26,,,4690890210.83,00:00:00,,0,,0.0
CBOM,TQBR,,,,,0,0,0,,,,,0,0,0,0.0,0,,0,0,0,,,7.231,0,0,0,0,0,,N,06:32:24,,,,,,,,,06:32:24,,,,,20240527064726,2024-05-27 06:47:26,,,240025316837.88,00:00:00,,0,,0.0
CHGZ,TQBR,,,,,0,0,0,,,,,0,0,0,0.0,0,,0,0,0,,,143.2,0,0,0,0,0,,N,06:32:18,,,,,,,,,06:32:18,,,,,20240527064718,2024-05-27 06:47:18,,,3887210184.0,00:00:00,,0,,0.0
CHKZ,TQBR,,,,,0,0,0,,,,,0,0,0,0.0,0,,0,0,0,,,29200.0,0,0,0,0,0,,N,06:32:18,,,,,,,,,06:32:18,,,,,20240527064718,2024-05-27 06:47:18,,,17346242400.0,00:00:00,,0,,0.0
CHMF,TQBR,,,,,0,0,0,,,,,0,0,0,0.0,0,,0,0,0,,,1985.0,0,0,0,0,0,,N,06:32:24,,,,,,,,,06:32:24,,,,,20240527064726,2024-05-27 06:47:26,,,1667730308328.0,00:00:00,,0,,0.0
CHMK,TQBR,,,,,0,0,0,,,,,0,0,0,0.0,0,,0,0,0,,,7845.0,0,0,0,0,0,,N,06:32:18,,,,,,,,,06:32:18,,,,,20240527064718,2024-05-27 06:47:18,,,24568468050.0,00:00:00,,0,,0.0
CIAN,TQBR,,,,,0,0,0,,,,,0,0,0,0.0,0,,0,0,0,,,950.0,0,0,0,0,0,,N,06:32:18,,,,,,,,,06:32:18,,,,,20240527064718,2024-05-27 06:47:18,,,,,,0,,
CNTL,TQBR,,,,,0,0,0,,,,,0,0,0,0.0,0,,0,0,0,,,16.86,0,0,0,0,0,,N,06:32:18,,,,,,,,,06:32:18,,,,,20240527064718,2024-05-27 06:47:18,,,2731785480.0,00:00:00,,0,,0.0
CNTLP,TQBR,,,,,0,0,0,,,,,0,0,0,0.0,0,,0,0,0,,,11.18,0,0,0,0,0,,N,06:32:18,,,,,,,,,06:32:18,,,,,20240527064718,2024-05-27 06:47:18,,,613710120.0,00:00:00,,0,,0.0
DELI,TQBR,,,,,0,0,0,,,,,0,0,0,0.0,0,,0,0,0,,,322.1,0,0,0,0,0,,N,06:32:18,,,,,,,,,06:32:18,,,,,20240527064718,2024-05-27 06:47:18,,,56227735975.75,00:00:00,,0,,0.0
DIAS,TQBR,,,,,0,0,0,,,,,0,0,0,0.0,0,,0,0,0,,,6014.0,0,0,0,0,0,,N,06:32:18,,,,,,,,,06:32:18,,,,,20240527064718,2024-05-27 06:47:18,,,63005250000.0,00:00:00,,0,,0.0
DIOD,TQBR,,,,,0,0,0,,,,,0,0,0,0.0,0,,0,0,0,,,16.31,0,0,0,0,0,,N,06:32:18,,,,,,,,,06:32:18,,,,,20240527064718,2024-05-27 06:47:18,,,1491450000.0,00:00:00,,0,,0.0
DVEC,TQBR,,,,,0,0,0,,,,,0,0,0,0.0,0,,0,0,0,,,3.165,0,0,0,0,0,,N,06:32:18,,,,,,,,,06:32:18,,,,,20240527064718,2024-05-27 06:47:18,,,53701650132.87,00:00:00,,0,,0.0
DZRD,TQBR,,,,,0,0,0,,,,,0,0,0,0.0,0,,0,0,0,,,4845.0,0,0,0,0,0,,N,06:32:18,,,,,,,,,06:32:18,,,,,20240527064718,2024-05-27 06:47:18,,,1675826160.0,00:00:00,,0,,0.0
DZRDP,TQBR,,,,,0,0,0,,,,,0,0,0,0.0,0,,0,0,0,,,3440.0,0,0,0,0,0,,N,06:32:18,,,,,,,,,06:32:18,,,,,20240527064718,2024-05-27 06:47:18,,,391483980.0,00:00:00,,0,,0.0
EELT,TQBR,,,,,0,0,0,,,,,0,0,0,0.0,0,,0,0,0,,,19.32,0,0,0,0,0,,N,06:32:18,,,,,,,,,06:32:18,,,,,20240527064718,2024-05-27 06:47:18,,,10672063420.0,00:00:00,,0,,0.0
ELFV,TQBR,,,,,0,0,0,,,,,0,0,0,0.0,0,,0,0,0,,,0.6064,0,0,0,0,0,,N,06:32:24,,,,,,,,,06:32:24,,,,,20240527064726,2024-05-27 06:47:26,,,21003833252.11,00:00:00,,0,,0.0
ENPG,TQBR,,,,,0,0,0,,,,,0,0,0,0.0,0,,0,0,0,,,454.25,0,0,0,0,0,,N,06:32:24,,,,,,,,,06:32:24,,,,,20240527064726,2024-05-27 06:47:26,,,285533514067.2,00:00:00,,0,,0.0
ETLN,TQBR,,,,,0,0,0,,,,,0,0,0,0.0,0,,0,0,0,,,93.92,0,0,0,0,0,,N,06:32:18,,,,,,,,,06:32:18,,,,,20240527064718,2024-05-27 06:47:18,,,,,,0,,
EUTR,TQBR,,,,,0,0,0,,,,,0,0,0,0.0,0,,0,0,0,,,227.65,0,0,0,0,0,,N,06:32:18,,,,,,,,,06:32:18,,,,,20240527064718,2024-05-27 06:47:18,,,35402620529.25,00:00:00,,0,,0.0
FEES,TQBR,,,,,0,0,0,,,,,0,0,0,0.0,0,,0,0,0,,,0.116,0,0,0,0,0,,N,06:32:24,,,,,,,,,06:32:24,,,,,20240527064726,2024-05-27 06:47:26,,,242371604437.38,00:00:00,,0,,0.0
FESH,TQBR,,,,,0,0,0,,,,,0,0,0,0.0,0,,0,0,0,,,79.19,0,0,0,0,0,,N,06:32:24,,,,,,,,,06:32:24,,,,,20240527064726,2024-05-27 06:47:26,,,228456262500.0,00:00:00,,0,,0.0
FIVE,TQBR,,,,,0,0,0,,,,,0,0,0,0.0,0,,0,0,0,,,2805.0,0,0,0,0,0,,B,06:32:24,,,,,,,,,06:32:24,,,,,20240527064726,2024-05-27 06:47:26,,,,,,0,,
FIXP,TQBR,,,,,0,0,0,,,,,0,0,0,0.0,0,,0,0,0,,,283.7,0,0,0,0,0,,N,06:32:24,,,,,,,,,06:32:24,,,,,20240527064726,2024-05-27 06:47:26,,,,,,0,,
FLOT,TQBR,,,,,0,0,0,,,,,0,0,0,0.0,0,,0,0,0,,,133.53,0,0,0,0,0,,N,06:32:24,,,,,,,,,06:32:24,,,,,20240527064726,2024-05-27 06:47:26,,,315399190052.8,00:00:00,,0,,0.0
GAZC,TQBR,,,,,0,0,0,,,,,0,0,0,0.0,0,,0,0,0,,,,0,0,0,0,0,,N,06:32:18,,,,,,,,,06:32:18,,,,,20240527064718,2024-05-27 06:47:18,,,148526475059.0,00:00:00,,0,,0.0
GAZP,TQBR,,,,,0,0,0,,,,,0,0,0,0.0,0,,0,0,0,,,134.78,0,0,0,0,0,,N,06:32:24,,,,,,,,,06:32:24,,,,,20240527064726,2024-05-27 06:47:26,,,3156626210086.0,00:00:00,,0,,0.0
GAZS,TQBR,,,,,0,0,0,,,,,0,0,0,0.0,0,,0,0,0,,,,0,0,0,0,0,,N,06:32:18,,,,,,,,,06:32:18,,,,,20240527064718,2024-05-27 06:47:18,,,173261023313.0,00:00:00,,0,,0.0
GAZT,TQBR,,,,,0,0,0,,,,,0,0,0,0.0,0,,0,0,0,,,,0,0,0,0,0,,N,06:32:18,,,,,,,,,06:32:18,,,,,20240527064718,2024-05-27 06:47:18,,,819813813700.0,00:00:00,,0,,0.0
GCHE,TQBR,,,,,0,0,0,,,,,0,0,0,0.0,0,,0,0,0,,,4821.0,0,0,0,0,0,,N,06:32:18,,,,,,,,,06:32:18,,,,,20240527064718,2024-05-27 06:47:18,,,202159137096.0,00:00:00,,0,,0.0
GECO,TQBR,,,,,0,0,0,,,,,0,0,0,0.0,0,,0,0,0,,,44.14,0,0,0,0,0,,N,06:32:18,,,,,,,,,06:32:18,,,,,20240527064718,2024-05-27 06:47:18,,,3619630000.0,00:00:00,,0,,0.0
GEMA,TQBR,,,,,0,0,0,,,,,0,0,0,0.0,0,,0,0,0,,,177.5,0,0,0,0,0,,N,06:32:18,,,,,,,,,06:32:18,,,,,20240527064718,2024-05-27 06:47:18,,,2618707968.0,00:00:00,,0,,0.0
GEMC,TQBR,,,,,0,0,0,,,,,0,0,0,0.0,0,,0,0,0,,,798.3,0,0,0,0,0,,N,06:32:18,,,,,,,,,06:32:18,,,,,20240527064718,2024-05-27 06:47:18,,,71982000000.0,00:00:00,,0,,0.0
GLTR,TQBR,,,,,0,0,0,,,,,0,0,0,0.0,0,,0,0,0,,,773.45,0,0,0,0,0,,N,06:32:24,,,,,,,,,06:32:24,,,,,20240527064726,2024-05-27 06:47:26,,,,,,0,,
GMKN,TQBR,,,,,0,0,0,,,,,0,0,0,0.0,0,,0,0,0,,,153.88,0,0,0,0,0,,N,06:32:24,,,,,,,,,06:32:24,,,,,20240527064726,2024-05-27 06:47:26,,,2339421427688.0,00:00:00,,0,,0.0
GTRK,TQBR,,,,,0,0,0,,,,,0,0,0,0.0,0,,0,0,0,,,413.4,0,0,0,0,0,,N,06:32:24,,,,,,,,,06:32:24,,,,,20240527064726,2024-05-27 06:47:26,,,24086393440.0,00:00:00,,0,,0.0
HHRU,TQBR,,,,,0,0,0,,,,,0,0,0,0.0,0,,0,0,0,,,5038.0,0,0,0,0,0,,N,06:32:18,,,,,,,,,06:32:18,,,,,20240527064718,2024-05-27 06:47:18,,,,,,0,,
HIMCP,TQBR,,,,,0,0,0,,,,,0,0,0,0.0,0,,0,0,0,,,29.56,0,0,0,0,0,,N,06:32:18,,,,,,,,,06:32:18,,,,,20240527064718,2024-05-27 06:47:18,,,6760348474.88,00:00:00,,0,,0.0
HNFG,TQBR,,,,,0,0,0,,,,,0,0,0,0.0,0,,0,0,0,,,748.2,0,0,0,0,0,,N,06:32:18,,,,,,,,,06:32:18,,,,,20240527064718,2024-05-27 06:47:18,,,29649822629.5,00:00:00,,0,,0.0
HYDR,TQBR,,,,,0,0,0,,,,,0,0,0,0.0,0,,0,0,0,,,0.7158,0,0,0,0,0,,N,06:32:24,,,,,,,,,06:32:24,,,,,20240527064726,2024-05-27 06:47:26,,,310866091211.86,00:00:00,,0,,0.0
IGST,TQBR,,,,,0,0,0,,,,,0,0,0,0.0,0,,0,0,0,,,11180.0,0,0,0,0,0,,N,06:32:18,,,,,,,,,06:32:18,,,,,20240527064718,2024-05-27 06:47:18,,,8679902360.0,00:00:00,,0,,0.0
IGSTP,TQBR,,,,,0,0,0,,,,,0,0,0,0.0,0,,0,0,0,,,8300.0,0,0,0,0,0,,N,06:32:18,,,,,,,,,06:32:18,,,,,20240527064718,2024-05-27 06:47:18,,,2135280000.0,00:00:00,,0,,0.0
INGR,TQBR,,,,,0,0,0,,,,,0,0,0,0.0,0,,0,0,0,,,1787.0,0,0,0,0,0,,N,06:32:18,,,,,,,,,06:32:18,,,,,20240527064718,2024-05-27 06:47:18,,,73331790747.0,00:00:00,,0,,0.0
IRAO,TQBR,,,,,0,0,0,,,,,0,0,0,0.0,0,,0,0,0,,,4.3335,0,0,0,0,0,,N,06:32:24,,,,,,,,,06:32:24,,,,,20240527064726,2024-05-27 06:47:26,,,449859600000.0,00:00:00,,0,,0.0
IRKT,TQBR,,,,,0,0,0,,,,,0,0,0,0.0,0,,0,0,0,,,62.7,0,0,0,0,0,,N,06:32:24,,,,,,,,,06:32:24,,,,,20240527064726,2024-05-27 06:47:26,,,705859907584.4,00:00:00,,0,,0.0
JNOS,TQBR,,,,,0,0,0,,,,,0,0,0,0.0,0,,0,0,0,,,24.35,0,0,0,0,0,,N,06:32:18,,,,,,,,,06:32:18,,,,,20240527064718,2024-05-27 06:47:18,,,22616877032.75,00:00:00,,0,,0.0
JNOSP,TQBR,,,,,0,0,0,,,,,0,0,0,0.0,0,,0,0,0,,,15.6,0,0,0,0,0,,N,06:32:18,,,,,,,,,06:32:18,,,,,20240527064718,2024-05-27 06:47:18,,,4862234737.36,00:00:00,,0,,0.0
KAZT,TQBR,,,,,0,0,0,,,,,0,0,0,0.0,0,,0,0,0,,,612.0,0,0,0,0,0,,N,06:32:18,,,,,,,,,06:32:18,,,,,20240527064718,2024-05-27 06:47:18,,,142081005793.2,00:00:00,,0,,0.0
KAZTP,TQBR,,,,,0,0,0,,,,,0,0,0,0.0,0,,0,0,0,,,635.5,0,0,0,0,0,,N,06:32:18,,,,,,,,,06:32:18,,,,,20240527064718,2024-05-27 06:47:18,,,2336191792.0,00:00:00,,0,,0.0
KBSB,TQBR,,,,,0,0,0,,,,,0,0,0,0.0,0,,0,0,0,,,504.0,0,0,0,0,0,,N,06:32:18,,,,,,,,,06:32:18,,,,,20240527064718,2024-05-27 06:47:18,,,8997263040.0,00:00:00,,0,,0.0
KCHE,TQBR,,,,,0,0,0,,,,,0,0,0,0.0,0,,0,0,0,,,0.676,0,0,0,0,0,,N,06:32:18,,,,,,,,,06:32:18,,,,,20240527064718,2024-05-27 06:47:18,,,39115549016.06,00:00:00,,0,,0.0
KCHEP,TQBR,,,,,0,0,0,,,,,0,0,0,0.0,0,,0,0,0,,,1.275,0,0,0,0,0,,N,06:32:18,,,,,,,,,06:32:18,,,,,20240527064718,2024-05-27 06:47:18,,,233404116.3,00:00:00,,0,,0.0
KGKC,TQBR,,,,,0,0,0,,,,,0,0,0,0.0,0,,0,0,0,,,53.2,0,0,0,0,0,,N,06:32:18,,,,,,,,,06:32:18,,,,,20240527064718,2024-05-27 06:47:18,,,6392067793.2,00:00:00,,0,,0.0
KGKCP,TQBR,,,,,0,0,0,,,,,0,0,0,0.0,0,,0,0,0,,,56.6,0,0,0,0,0,,N,06:32:18,,,,,,,,,06:32:18,,,,,20240527064718,2024-05-27 06:47:18,,,797375080.8,00:00:00,,0,,0.0
KLSB,TQBR,,,,,0,0,0,,,,,0,0,0,0.0,0,,0,0,0,,,29.26,0,0,0,0,0,,N,06:32:18,,,,,,,,,06:32:18,,,,,20240527064718,2024-05-27 06:47:18,,,2659537177.29,00:00:00,,0,,0.0
KLVZ,TQBR,,,,,0,0,0,,,,,0,0,0,0.0,0,,0,0,0,,,7.18,0,0,0,0,0,,N,06:32:18,,,,,,,,,06:32:18,,,,,20240527064718,2024-05-27 06:47:18,,,6589211015.8,00:00:00,,0,,0.0
KMAZ,TQBR,,,,,0,0,0,,,,,0,0,0,0.0,0,,0,0,0,,,174.8,0,0,0,0,0,,N,06:32:24,,,,,,,,,06:32:24,,,,,20240527064726,2024-05-27 06:47:26,,,119946133206.4,00:00:00,,0,,0.0
KMEZ,TQBR,,,,,0,0,0,,,,,0,0,0,0.0,0,,0,0,0,,,1594.0,0,0,0,0,0,,N,06:32:18,,,,,,,,,06:32:18,,,,,20240527064718,2024-05-27 06:47:18,,,6000772400.0,18:45:20,,0,,0.0
KOGK,TQBR,,,,,0,0,0,,,,,0,0,0,0.0,0,,0,0,0,,,51200.0,0,0,0,0,0,,N,06:32:18,,,,,,,,,06:32:18,,,,,20240527064718,2024-05-27 06:47:18,,,12756426000.0,00:00:00,,0,,0.0
KRKN,TQBR,,,,,0,0,0,,,,,0,0,0,0.0,0,,0,0,0,,,12600.0,0,0,0,0,0,,N,06:32:18,,,,,,,,,06:32:18,,,,,20240527064718,2024-05-27 06:47:18,,,9200547600.0,00:00:00,,0,,0.0
KRKNP,TQBR,,,,,0,0,0,,,,,0,0,0,0.0,0,,0,0,0,,,11160.0,0,0,0,0,0,,N,06:32:18,,,,,,,,,06:32:18,,,,,20240527064718,2024-05-27 06:47:18,,,2762653960.0,00:00:00,,0,,0.0
KRKOP,TQBR,,,,,0,0,0,,,,,0,0,0,0.0,0,,0,0,0,,,14.5,0,0,0,0,0,,N,06:32:18,,,,,,,,,06:32:18,,,,,20240527064718,2024-05-27 06:47:18,,,1005156040.0,00:00:00,,0,,0.0
KROT,TQBR,,,,,0,0,0,,,,,0,0,0,0.0,0,,0,0,0,,,2710.0,0,0,0,0,0,,N,06:32:18,,,,,,,,,06:32:18,,,,,20240527064718,2024-05-27 06:47:18,,,24675469691.0,00:00:00,,0,,0.0
KROTP,TQBR,,,,,0,0,0,,,,,0,0,0,0.0,0,,0,0,0,,,778.0,0,0,0,0,0,,N,06:32:18,,,,,,,,,06:32:18,,,,,20240527064718,2024-05-27 06:47:18,,,1148673671.0,00:00:00,,0,,0.0
KRSB,TQBR,,,,,0,0,0,,,,,0,0,0,0.0,0,,0,0,0,,,18.44,0,0,0,0,0,,N,06:32:18,,,,,,,,,06:32:18,,,,,20240527064718,2024-05-27 06:47:18,,,10931366484.08,00:00:00,,0,,0.0
KRSBP,TQBR,,,,,0,0,0,,,,,0,0,0,0.0,0,,0,0,0,,,18.1,0,0,0,0,0,,N,06:32:18,,,,,,,,,06:32:18,,,,,20240527064718,2024-05-27 06:47:18,,,3048639637.12,00:00:00,,0,,0.0
KUBE,TQBR,,,,,0,0,0,,,,,0,0,0,0.0,0,,0,0,0,,,338.2,0,0,0,0,0,,N,06:32:18,,,,,,,,,06:32:18,,,,,20240527064718,2024-05-27 06:47:18,,,111307196586.2,00:00:00,,0,,0.0
KUZB,TQBR,,,,,0,0,0,,,,,0,0,0,0.0,0,,0,0,0,,,0.0578,0,0,0,0,0,,N,06:32:18,,,,,,,,,06:32:18,,,,,20240527064718,2024-05-27 06:47:18,,,1296201074.4,00:00:00,,0,,0.0
KZOS,TQBR,,,,,0,0,0,,,,,0,0,0,0.0,0,,0,0,0,,,112.9,0,0,0,0,0,,N,06:32:18,,,,,,,,,06:32:18,,,,,20240527064718,2024-05-27 06:47:18,,,201182347800.0,00:00:00,,0,,0.0
KZOSP,TQBR,,,,,0,0,0,,,,,0,0,0,0.0,0,,0,0,0,,,26.43,0,0,0,0,0,,N,06:32:18,,,,,,,,,06:32:18,,,,,20240527064718,2024-05-27 06:47:18,,,3128631360.0,00:00:00,,0,,0.0
LEAS,TQBR,,,,,0,0,0,,,,,0,0,0,0.0,0,,0,0,0,,,1023.7,0,0,0,0,0,,N,06:32:18,,,,,,,,,06:32:18,,,,,20240527064718,2024-05-27 06:47:18,,,122040000000.0,00:00:00,,0,,0.0
LENT,TQBR,,,,,0,0,0,,,,,0,0,0,0.0,0,,0,0,0,,,1123.5,0,0,0,0,0,,N,06:32:18,,,,,,,,,06:32:18,,,,,20240527064718,2024-05-27 06:47:18,,,130599331822.0,00:00:00,,0,,0.0
LKOH,TQBR,,,,,0,0,0,,,,,0,0,0,0.0,0,,0,0,0,,,7761.5,0,0,0,0,0,,N,06:32:24,,,,,,,,,06:32:24,,,,,20240527064726,2024-05-27 06:47:26,,,5348923682640.0,00:00:00,,0,,0.0
LNZL,TQBR,,,,,0,0,0,,,,,0,0,0,0.0,0,,0,0,0,,,15940.0,0,0,0,0,0,,N,06:32:18,,,,,,,,,06:32:18,,,,,20240527064718,2024-05-27 06:47:18,,,18073755000.0,00:00:00,,0,,0.0
LNZLP,TQBR,,,,,0,0,0,,,,,0,0,0,0.0,0,,0,0,0,,,2715.0,0,0,0,0,0,,N,06:32:18,,,,,,,,,06:32:18,,,,,20240527064718,2024-05-27 06:47:18,,,938790000.0,00:00:00,,0,,0.0
LSNG,TQBR,,,,,0,0,0,,,,,0,0,0,0.0,0,,0,0,0,,,21.32,0,0,0,0,0,,N,06:32:18,,,,,,,,,06:32:18,,,,,20240527064718,2024-05-27 06:47:18,,,180874724490.4,00:00:00,,0,,0.0
LSNGP,TQBR,,,,,0,0,0,,,,,0,0,0,0.0,0,,0,0,0,,,220.2,0,0,0,0,0,,N,06:32:18,,,,,,,,,06:32:18,,,,,20240527064718,2024-05-27 06:47:18,,,20555454144.4,00:00:00,,0,,0.0
LSRG,TQBR,,,,,0,0,0,,,,,0,0,0,0.0,0,,0,0,0,,,814.0,0,0,0,0,0,,N,06:32:18,,,,,,,,,06:32:18,,,,,20240527064718,2024-05-27 06:47:18,,,82671444516.0,00:00:00,,0,,0.0
LVHK,TQBR,,,,,0,0,0,,,,,0,0,0,0.0,0,,0,0,0,,,52.1,0,0,0,0,0,,N,06:32:18,,,,,,,,,06:32:18,,,,,20240527064718,2024-05-27 06:47:18,,,2713175000.0,00:00:00,,0,,0.0
MAGE,TQBR,,,,,0,0,0,,,,,0,0,0,0.0,0,,0,0,0,,,5.02,0,0,0,0,0,,N,06:32:18,,,,,,,,,06:32:18,,,,,20240527064718,2024-05-27 06:47:18,,,2314552957.32,00:00:00,,0,,0.0
MAGEP,TQBR,,,,,0,0,0,,,,,0,0,0,0.0,0,,0,0,0,,,3.51,0,0,0,0,0,,N,06:32:18,,,,,,,,,06:32:18,,,,,20240527064718,2024-05-27 06:47:18,,,514226586.62,00:00:00,,0,,0.0
MAGN,TQBR,,,,,0,0,0,,,,,0,0,0,0.0,0,,0,0,0,,,59.115,0,0,0,0,0,,N,06:32:24,,,,,,,,,06:32:24,,,,,20240527064726,2024-05-27 06:47:26,,,658503266900.0,00:00:00,,0,,0.0
MBNK,TQBR,,,,,0,0,0,,,,,0,0,0,0.0,0,,0,0,0,,,2501.0,0,0,0,0,0,,N,06:32:18,,,,,,,,,06:32:18,,,,,20240527064718,2024-05-27 06:47:18,,,86607286563.0,18:49:28,,0,,0.0
MDMG,TQBR,,,,,0,0,0,,,,,0,0,0,0.0,0,,0,0,0,,,1072.0,0,0,0,0,0,,N,06:32:18,,,,,,,,,06:32:18,,,,,20240527064718,2024-05-27 06:47:18,,,,,,0,,
MFGS,TQBR,,,,,0,0,0,,,,,0,0,0,0.0,0,,0,0,0,,,459.0,0,0,0,0,0,,N,06:32:18,,,,,,,,,06:32:18,,,,,20240527064718,2024-05-27 06:47:18,,,45410202832.5,00:00:00,,0,,0.0
MFGSP,TQBR,,,,,0,0,0,,,,,0,0,0,0.0,0,,0,0,0,,,323.0,0,0,0,0,0,,N,06:32:18,,,,,,,,,06:32:18,,,,,20240527064718,2024-05-27 06:47:18,,,10726955937.5,00:00:00,,0,,0.0
MGKL,TQBR,,,,,0,0,0,,,,,0,0,0,0.0,0,,0,0,0,,,2.6725,0,0,0,0,0,,N,06:32:24,,,,,,,,,06:32:24,,,,,20240527064726,2024-05-27 06:47:26,,,3340078985.0,00:00:00,,0,,0.0
MGNT,TQBR,,,,,0,0,0,,,,,0,0,0,0.0,0,,0,0,0,,,8031.5,0,0,0,0,0,,N,06:32:24,,,,,,,,,06:32:24,,,,,20240527064726,2024-05-27 06:47:26,,,821099787235.0,00:00:00,,0,,0.0
MGNZ,TQBR,,,,,0,0,0,,,,,0,0,0,0.0,0,,0,0,0,,,,0,0,0,0,0,,N,06:32:18,,,,,,,,,06:32:18,,,,,20240527064718,2024-05-27 06:47:18,,,2963143680.0,00:00:00,,0,,0.0
MGTS,TQBR,,,,,0,0,0,,,,,0,0,0,0.0,0,,0,0,0,,,1595.0,0,0,0,0,0,,N,06:32:18,,,,,,,,,06:32:18,,,,,20240527064718,2024-05-27 06:47:18,,,126736914090.0,00:00:00,,0,,0.0
MGTSP,TQBR,,,,,0,0,0,,,,,0,0,0,0.0,0,,0,0,0,,,1256.0,0,0,0,0,0,,N,06:32:18,,,,,,,,,06:32:18,,,,,20240527064718,2024-05-27 06:47:18,,,19392552500.0,00:00:00,,0,,0.0
MISB,TQBR,,,,,0,0,0,,,,,0,0,0,0.0,0,,0,0,0,,,72.6,0,0,0,0,0,,N,06:32:18,,,,,,,,,06:32:18,,,,,20240527064718,2024-05-27 06:47:18,,,8724301048.0,00:00:00,,0,,0.0
MISBP,TQBR,,,,,0,0,0,,,,,0,0,0,0.0,0,,0,0,0,,,68.3,0,0,0,0,0,,N,06:32:18,,,,,,,,,06:32:18,,,,,20240527064718,2024-05-27 06:47:18,,,708372630.0,00:00:00,,0,,0.0
MOEX,TQBR,,,,,0,0,0,,,,,0,0,0,0.0,0,,0,0,0,,,235.86,0,0,0,0,0,,N,06:32:24,,,,,,,,,06:32:24,,,,,20240527064726,2024-05-27 06:47:26,,,539507145546.0,00:00:00,,0,,0.0
MRKC,TQBR,,,,,0,0,0,,,,,0,0,0,0.0,0,,0,0,0,,,0.5878,0,0,0,0,0,,N,06:32:18,,,,,,,,,06:32:18,,,,,20240527064718,2024-05-27 06:47:18,,,24672164993.9,00:00:00,,0,,0.0
MRKK,TQBR,,,,,0,0,0,,,,,0,0,0,0.0,0,,0,0,0,,,25.12,0,0,0,0,0,,N,06:32:18,,,,,,,,,06:32:18,,,,,20240527064718,2024-05-27 06:47:18,,,51831449249.2,00:00:00,,0,,0.0
MRKP,TQBR,,,,,0,0,0,,,,,0,0,0,0.0,0,,0,0,0,,,0.3568,0,0,0,0,0,,N,06:32:18,,,,,,,,,06:32:18,,,,,20240527064718,2024-05-27 06:47:18,,,40075343740.49,00:00:00,,0,,0.0
MRKS,TQBR,,,,,0,0,0,,,,,0,0,0,0.0,0,,0,0,0,,,0.7335,0,0,0,0,0,,N,06:32:18,,,,,,,,,06:32:18,,,,,20240527064718,2024-05-27 06:47:18,,,68978031263.65,00:00:00,,0,,0.0
MRKU,TQBR,,,,,0,0,0,,,,,0,0,0,0.0,0,,0,0,0,,,0.674,0,0,0,0,0,,N,06:32:18,,,,,,,,,06:32:18,,,,,20240527064718,2024-05-27 06:47:18,,,59137980534.92,00:00:00,,0,,0.0
MRKV,TQBR,,,,,0,0,0,,,,,0,0,0,0.0,0,,0,0,0,,,0.0708,0,0,0,0,0,,N,06:32:18,,,,,,,,,06:32:18,,,,,20240527064718,2024-05-27 06:47:18,,,13369865069.97,00:00:00,,0,,0.0
MRKY,TQBR,,,,,0,0,0,,,,,0,0,0,0.0,0,,0,0,0,,,0.08815,0,0,0,0,0,,N,06:32:18,,,,,,,,,06:32:18,,,,,20240527064718,2024-05-27 06:47:18,,,13253460663.34,00:00:00,,0,,0.0
MRKZ,TQBR,,,,,0,0,0,,,,,0,0,0,0.0,0,,0,0,0,,,0.09175,0,0,0,0,0,,N,06:32:18,,,,,,,,,06:32:18,,,,,20240527064718,2024-05-27 06:47:18,,,8711729709.4,00:00:00,,0,,0.0
MRSB,TQBR,,,,,0,0,0,,,,,0,0,0,0.0,0,,0,0,0,,,0.909,0,0,0,0,0,,N,06:32:18,,,,,,,,,06:32:18,,,,,20240527064718,2024-05-27 06:47:18,,,1213224014.42,00:00:00,,0,,0.0
MSNG,TQBR,,,,,0,0,0,,,,,0,0,0,0.0,0,,0,0,0,,,3.365,0,0,0,0,0,,N,06:32:24,,,,,,,,,06:32:24,,,,,20240527064726,2024-05-27 06:47:26,,,132564114599.5,00:00:00,,0,,0.0
MSRS,TQBR,,,,,0,0,0,,,,,0,0,0,0.0,0,,0,0,0,,,1.371,0,0,0,0,0,,N,06:32:18,,,,,,,,,06:32:18,,,,,20240527064718,2024-05-27 06:47:18,,,65998109082.77,00:00:00,,0,,0.0
MSTT,TQBR,,,,,0,0,0,,,,,0,0,0,0.0,0,,0,0,0,,,200.8,0,0,0,0,0,,N,06:32:18,,,,,,,,,06:32:18,,,,,20240527064718,2024-05-27 06:47:18,,,55441234975.0,00:00:00,,0,,0.0
MTLR,TQBR,,,,,0,0,0,,,,,0,0,0,0.0,0,,0,0,0,,,229.95,0,0,0,0,0,,N,06:32:24,,,,,,,,,06:32:24,,,,,20240527064726,2024-05-27 06:47:26,,,94493459115.0,00:00:00,,0,,0.0
MTLRP,TQBR,,,,,0,0,0,,,,,0,0,0,0.0,0,,0,0,0,,,241.15,0,0,0,0,0,,N,06:32:24,,,,,,,,,06:32:24,,,,,20240527064726,2024-05-27 06:47:26,,,32968643004.0,00:00:00,,0,,0.0
MTSS,TQBR,,,,,0,0,0,,,,,0,0,0,0.0,0,,0,0,0,,,304.7,0,0,0,0,0,,N,06:32:24,,,,,,,,,06:32:24,,,,,20240527064726,2024-05-27 06:47:26,,,607707836957.5,00:00:00,,0,,0.0
MVID,TQBR,,,,,0,0,0,,,,,0,0,0,0.0,0,,0,0,0,,,175.2,0,0,0,0,0,,N,06:32:24,,,,,,,,,06:32:24,,,,,20240527064726,2024-05-27 06:47:26,,,31405509256.9,00:00:00,,0,,0.0
NAUK,TQBR,,,,,0,0,0,,,,,0,0,0,0.0,0,,0,0,0,,,682.5,0,0,0,0,0,,N,06:32:18,,,,,,,,,06:32:18,,,,,20240527064718,2024-05-27 06:47:18,,,7916649250.0,00:00:00,,0,,0.0
NFAZ,TQBR,,,,,0,0,0,,,,,0,0,0,0.0,0,,0,0,0,,,505.0,0,0,0,0,0,,N,06:32:18,,,,,,,,,06:32:18,,,,,20240527064718,2024-05-27 06:47:18,,,3971214624.0,00:00:00,,0,,0.0
NKHP,TQBR,,,,,0,0,0,,,,,0,0,0,0.0,0,,0,0,0,,,1026.5,0,0,0,0,0,,N,06:32:18,,,,,,,,,06:32:18,,,,,20240527064718,2024-05-27 06:47:18,,,67732194000.0,00:00:00,,0,,0.0
NKNC,TQBR,,,,,0,0,0,,,,,0,0,0,0.0,0,,0,0,0,,,99.85,0,0,0,0,0,,N,06:32:18,,,,,,,,,06:32:18,,,,,20240527064718,2024-05-27 06:47:18,,,159514344000.0,00:00:00,,0,,0.0
NKNCP,TQBR,,,,,0,0,0,,,,,0,0,0,0.0,0,,0,0,0,,,77.7,0,0,0,0,0,,N,06:32:18,,,,,,,,,06:32:18,,,,,20240527064718,2024-05-27 06:47:18,,,16979999975.0,00:00:00,,0,,0.0
NKSH,TQBR,,,,,0,0,0,,,,,0,0,0,0.0,0,,0,0,0,,,70.85,0,0,0,0,0,,N,06:32:18,,,,,,,,,06:32:18,,,,,20240527064718,2024-05-27 06:47:18,,,4464368528.55,00:00:00,,0,,0.0
NLMK,TQBR,,,,,0,0,0,,,,,0,0,0,0.0,0,,0,0,0,,,253.98,0,0,0,0,0,,N,06:32:24,,,,,,,,,06:32:24,,,,,20240527064726,2024-05-27 06:47:26,,,1530909966185.6,00:00:00,,0,,0.0
NMTP,TQBR,,,,,0,0,0,,,,,0,0,0,0.0,0,,0,0,0,,,12.16,0,0,0,0,0,,N,06:32:24,,,,,,,,,06:32:24,,,,,20240527064726,2024-05-27 06:47:26,,,234199355264.0,23:49:31,,0,,0.0
NNSB,TQBR,,,,,0,0,0,,,,,0,0,0,0.0,0,,0,0,0,,,4950.0,0,0,0,0,0,,N,06:32:18,,,,,,,,,06:32:18,,,,,20240527064718,2024-05-27 06:47:18,,,19401030000.0,17:17:35,,0,,0.0
NNSBP,TQBR,,,,,0,0,0,,,,,0,0,0,0.0,0,,0,0,0,,,1650.0,0,0,0,0,0,,N,06:32:18,,,,,,,,,06:32:18,,,,,20240527064718,2024-05-27 06:47:18,,,1739905632.0,00:00:00,,0,,0.0
NSVZ,TQBR,,,,,0,0,0,,,,,0,0,0,0.0,0,,0,0,0,,,518.0,0,0,0,0,0,,N,06:32:18,,,,,,,,,06:32:18,,,,,20240527064718,2024-05-27 06:47:18,,,8047050525.0,00:00:00,,0,,0.0
NVTK,TQBR,,,,,0,0,0,,,,,0,0,0,0.0,0,,0,0,0,,,1150.8,0,0,0,0,0,,N,06:32:24,,,,,,,,,06:32:24,,,,,20240527064726,2024-05-27 06:47:26,,,3401877242400.0,00:00:00,,0,,0.0
OGKB,TQBR,,,,,0,0,0,,,,,0,0,0,0.0,0,,0,0,0,,,0.5332,0,0,0,0,0,,N,06:32:24,,,,,,,,,06:32:24,,,,,20240527064726,2024-05-27 06:47:26,,,56755712571.09,00:00:00,,0,,0.0
OKEY,TQBR,,,,,0,0,0,,,,,0,0,0,0.0,0,,0,0,0,,,30.81,0,0,0,0,0,,N,06:32:18,,,,,,,,,06:32:18,,,,,20240527064718,2024-05-27 06:47:18,,,,,,0,,
OMZZP,TQBR,,,,,0,0,0,,,,,0,0,0,0.0,0,,0,0,0,,,20540.0,0,0,0,0,0,,N,06:32:18,,,,,,,,,06:32:18,,,,,20240527064718,2024-05-27 06:47:18,,,57145000000.0,00:00:00,,0,,0.0
OZON,TQBR,,,,,0,0,0,,,,,0,0,0,0.0,0,,0,0,0,,,4571.5,0,0,0,0,0,,N,06:32:24,,,,,,,,,06:32:24,,,,,20240527064726,2024-05-27 06:47:26,,,,,,0,,
PHOR,TQBR,,,,,0,0,0,,,,,0,0,0,0.0,0,,0,0,0,,,6239.0,0,0,0,0,0,,N,06:32:24,,,,,,,,,06:32:24,,,,,20240527064726,2024-05-27 06:47:26,,,811447000000.0,00:00:00,,0,,0.0
PIKK,TQBR,,,,,0,0,0,,,,,0,0,0,0.0,0,,0,0,0,,,864.8,0,0,0,0,0,,N,06:32:24,,,,,,,,,06:32:24,,,,,20240527064726,2024-05-27 06:47:26,,,574038241670.4,00:00:00,,0,,0.0
PLZL,TQBR,,,,,0,0,0,,,,,0,0,0,0.0,0,,0,0,0,,,13956.5,0,0,0,0,0,,N,06:32:24,,,,,,,,,06:32:24,,,,,20240527064726,2024-05-27 06:47:26,,,1873675638000.0,00:00:00,,0,,0.0
PMSB,TQBR,,,,,0,0,0,,,,,0,0,0,0.0,0,,0,0,0,,,276.2,0,0,0,0,0,,N,06:32:18,,,,,,,,,06:32:18,,,,,20240527064718,2024-05-27 06:47:18,,,9414849600.0,00:00:00,,0,,0.0
PMSBP,TQBR,,,,,0,0,0,,,,,0,0,0,0.0,0,,0,0,0,,,281.4,0,0,0,0,0,,N,06:32:18,,,,,,,,,06:32:18,,,,,20240527064718,2024-05-27 06:47:18,,,2985970500.0,00:00:00,,0,,0.0
POLY,TQBR,,,,,0,0,0,,,,,0,0,0,0.0,0,,0,0,0,,,288.4,0,0,0,0,0,,N,06:32:24,,,,,,,,,06:32:24,,,,,20240527064726,2024-05-27 06:47:26,,,145457846903.7,00:00:00,,0,,0.0
POSI,TQBR,,,,,0,0,0,,,,,0,0,0,0.0,0,,0,0,0,,,3078.0,0,0,0,0,0,,N,06:32:24,,,,,,,,,06:32:24,,,,,20240527064726,2024-05-27 06:47:26,,,201537600000.0,00:00:00,,0,,0.0
PRFN,TQBR,,,,,0,0,0,,,,,0,0,0,0.0,0,,0,0,0,,,5.854,0,0,0,0,0,,N,06:32:18,,,,,,,,,06:32:18,,,,,20240527064718,2024-05-27 06:47:18,,,4862067210.0,00:00:00,,0,,0.0
PRMB,TQBR,,,,,0,0,0,,,,,0,0,0,0.0,0,,0,0,0,,,35000.0,0,0,0,0,0,,N,06:32:18,,,,,,,,,06:32:18,,,,,20240527064718,2024-05-27 06:47:18,,,8700000000.0,00:00:00,,0,,0.0
QIWI,TQBR,,,,,0,0,0,,,,,0,0,0,0.0,0,,0,0,0,,,187.8,0,0,0,0,0,,N,06:32:24,,,,,,,,,06:32:24,,,,,20240527064726,2024-05-27 06:47:26,,,,,,0,,
RASP,TQBR,,,,,0,0,0,,,,,0,0,0,0.0,0,,0,0,0,,,404.35,0,0,0,0,0,,N,06:32:24,,,,,,,,,06:32:24,,,,,20240527064726,2024-05-27 06:47:26,,,269888530357.2,00:00:00,,0,,0.0
RBCM,TQBR,,,,,0,0,0,,,,,0,0,0,0.0,0,,0,0,0,,,18.768,0,0,0,0,0,,N,06:32:18,,,,,,,,,06:32:18,,,,,20240527064718,2024-05-27 06:47:18,,,6709329033.5,00:00:00,,0,,0.0
RDRB,TQBR,,,,,0,0,0,,,,,0,0,0,0.0,0,,0,0,0,,,206.0,0,0,0,0,0,,N,06:32:18,,,,,,,,,06:32:18,,,,,20240527064718,2024-05-27 06:47:18,,,4423384646.0,18:45:43,,0,,0.0
RENI,TQBR,,,,,0,0,0,,,,,0,0,0,0.0,0,,0,0,0,,,106.94,0,0,0,0,0,,N,06:32:18,,,,,,,,,06:32:18,,,,,20240527064718,2024-05-27 06:47:18,,,59148385236.0,00:00:00,,0,,0.0
RGSS,TQBR,,,,,0,0,0,,,,,0,0,0,0.0,0,,0,0,0,,,0.3212,0,0,0,0,0,,N,06:32:18,,,,,,,,,06:32:18,,,,,20240527064718,2024-05-27 06:47:18,,,156934899337.35,00:00:00,,0,,0.0
RKKE,TQBR,,,,,0,0,0,,,,,0,0,0,0.0,0,,0,0,0,,,25590.0,0,0,0,0,0,,N,06:32:18,,,,,,,,,06:32:18,,,,,20240527064718,2024-05-27 06:47:18,,,45745319310.0,00:00:00,,0,,0.0
RNFT,TQBR,,,,,0,0,0,,,,,0,0,0,0.0,0,,0,0,0,,,212.3,0,0,0,0,0,,N,06:32:24,,,,,,,,,06:32:24,,,,,20240527064726,2024-05-27 06:47:26,,,61647552000.0,00:00:00,,0,,0.0
ROLO,TQBR,,,,,0,0,0,,,,,0,0,0,0.0,0,,0,0,0,,,1.1404,0,0,0,0,0,,N,06:32:18,,,,,,,,,06:32:18,,,,,20240527064718,2024-05-27 06:47:18,,,33715123800.0,00:00:00,,0,,0.0
ROSB,TQBR,,,,,0,0,0,,,,,0,0,0,0.0,0,,0,0,0,,,117.6,0,0,0,0,0,,N,06:32:18,,,,,,,,,06:32:18,,,,,20240527064718,2024-05-27 06:47:18,,,183065418654.0,00:00:00,,0,,0.0
ROSN,TQBR,,,,,0,0,0,,,,,0,0,0,0.0,0,,0,0,0,,,587.65,0,0,0,0,0,,N,06:32:24,,,,,,,,,06:32:24,,,,,20240527064726,2024-05-27 06:47:26,,,6200993840726.7,00:00:00,,0,,0.0
ROST,TQBR,,,,,0,0,0,,,,,0,0,0,0.0,0,,0,0,0,,,179.8,0,0,0,0,0,,N,06:32:18,,,,,,,,,06:32:18,,,,,20240527064718,2024-05-27 06:47:18,,,2784951047.2,00:00:00,,0,,0.0
RTGZ,TQBR,,,,,0,0,0,,,,,0,0,0,0.0,0,,0,0,0,,,47400.0,0,0,0,0,0,,N,06:32:18,,,,,,,,,06:32:18,,,,,20240527064718,2024-05-27 06:47:18,,,5459168400.0,00:00:00,,0,,0.0
RTKM,TQBR,,,,,0,0,0,,,,,0,0,0,0.0,0,,0,0,0,,,104.93,0,0,0,0,0,,N,06:32:24,,,,,,,,,06:32:24,,,,,20240527064726,2024-05-27 06:47:26,,,345929491778.73,00:00:00,,0,,0.0
RTKMP,TQBR,,,,,0,0,0,,,,,0,0,0,0.0,0,,0,0,0,,,85.95,0,0,0,0,0,,N,06:32:24,,,,,,,,,06:32:24,,,,,20240527064726,2024-05-27 06:47:26,,,17928298325.85,00:00:00,,0,,0.0
RTSB,TQBR,,,,,0,0,0,,,,,0,0,0,0.0,0,,0,0,0,,,4.66,0,0,0,0,0,,N,06:32:18,,,,,,,,,06:32:18,,,,,20240527064718,2024-05-27 06:47:18,,,38327125447.34,00:00:00,,0,,0.0
RTSBP,TQBR,,,,,0,0,0,,,,,0,0,0,0.0,0,,0,0,0,,,2.188,0,0,0,0,0,,N,06:32:18,,,,,,,,,06:32:18,,,,,20240527064718,2024-05-27 06:47:18,,,1969968880.77,00:00:00,,0,,0.0
RUAL,TQBR,,,,,0,0,0,,,,,0,0,0,0.0,0,,0,0,0,,,44.605,0,0,0,0,0,,N,06:32:24,,,,,,,,,06:32:24,,,,,20240527064726,2024-05-27 06:47:26,,,671683187049.02,00:00:00,,0,,0.0
RUSI,TQBR,,,,,0,0,0,,,,,0,0,0,0.0,0,,0,0,0,,,118.9,0,0,0,0,0,,N,06:32:18,,,,,,,,,06:32:18,,,,,20240527064718,2024-05-27 06:47:18,,,12938300000.0,00:00:00,,0,,0.0
RZSB,TQBR,,,,,0,0,0,,,,,0,0,0,0.0,0,,0,0,0,,,43.58,0,0,0,0,0,,N,06:32:18,,,,,,,,,06:32:18,,,,,20240527064718,2024-05-27 06:47:18,,,9014315983.2,00:00:00,,0,,0.0
SAGO,TQBR,,,,,0,0,0,,,,,0,0,0,0.0,0,,0,0,0,,,3.775,0,0,0,0,0,,N,06:32:18,,,,,,,,,06:32:18,,,,,20240527064718,2024-05-27 06:47:18,,,13147119496.38,00:00:00,,0,,0.0
SAGOP,TQBR,,,,,0,0,0,,,,,0,0,0,0.0,0,,0,0,0,,,3.98,0,0,0,0,0,,N,06:32:18,,,,,,,,,06:32:18,,,,,20240527064718,2024-05-27 06:47:18,,,2077532458.4,18:45:05,,0,,0.0
SARE,TQBR,,,,,0,0,0,,,,,0,0,0,0.0,0,,0,0,0,,,0.593,0,0,0,0,0,,N,06:32:18,,,,,,,,,06:32:18,,,,,20240527064718,2024-05-27 06:47:18,,,2870425517.64,00:00:00,,0,,0.0
SAREP,TQBR,,,,,0,0,0,,,,,0,0,0,0.0,0,,0,0,0,,,0.3455,0,0,0,0,0,,N,06:32:18,,,,,,,,,06:32:18,,,,,20240527064718,2024-05-27 06:47:18,,,510714072.0,00:00:00,,0,,0.0
SBER,TQBR,,,,,0,0,0,,,,,0,0,0,0.0,0,,0,0,0,,,321.69,0,0,0,0,0,,N,06:32:24,,,,,,,,,06:32:24,,,,,20240527064726,2024-05-27 06:47:26,,,6929410308000.0,00:00:00,,0,,0.0
SBERP,TQBR,,,,,0,0,0,,,,,0,0,0,0.0,0,,0,0,0,,,322.07,0,0,0,0,0,,N,06:32:24,,,,,,,,,06:32:24,,,,,20240527064726,2024-05-27 06:47:26,,,321580000000.0,00:00:00,,0,,0.0
SELG,TQBR,,,,,0,0,0,,,,,0,0,0,0.0,0,,0,0,0,,,72.69,0,0,0,0,0,,N,06:32:24,,,,,,,,,06:32:24,,,,,20240527064726,2024-05-27 06:47:26,,,73428700000.0,00:00:00,,0,,0.0
SFIN,TQBR,,,,,0,0,0,,,,,0,0,0,0.0,0,,0,0,0,,,1368.2,0,0,0,0,0,,N,06:32:18,,,,,,,,,06:32:18,,,,,20240527064718,2024-05-27 06:47:18,,,150666362733.6,00:00:00,,0,,0.0
SGZH,TQBR,,,,,0,0,0,,,,,0,0,0,0.0,0,,0,0,0,,,3.423,0,0,0,0,0,,N,06:32:24,,,,,,,,,06:32:24,,,,,20240527064726,2024-05-27 06:47:26,,,51588720000.0,00:00:00,,0,,0.0
SIBN,TQBR,,,,,0,0,0,,,,,0,0,0,0.0,0,,0,0,0,,,732.8,0,0,0,0,0,,N,06:32:24,,,,,,,,,06:32:24,,,,,20240527064726,2024-05-27 06:47:26,,,3457355696758.8,00:00:00,,0,,0.0
SLEN,TQBR,,,,,0,0,0,,,,,0,0,0,0.0,0,,0,0,0,,,4.675,0,0,0,0,0,,N,06:32:18,,,,,,,,,06:32:18,,,,,20240527064718,2024-05-27 06:47:18,,,5715750551.28,00:00:00,,0,,0.0
SMLT,TQBR,,,,,0,0,0,,,,,0,0,0,0.0,0,,0,0,0,,,3502.5,0,0,0,0,0,,N,06:32:24,,,,,,,,,06:32:24,,,,,20240527064726,2024-05-27 06:47:26,,,215127487173.0,00:00:00,,0,,0.0
SNGS,TQBR,,,,,0,0,0,,,,,0,0,0,0.0,0,,0,0,0,,,32.09,0,0,0,0,0,,N,06:32:24,,,,,,,,,06:32:24,,,,,20240527064726,2024-05-27 06:47:26,,,1133943071936.7,00:00:00,,0,,0.0
SNGSP,TQBR,,,,,0,0,0,,,,,0,0,0,0.0,0,,0,0,0,,,70.65,0,0,0,0,0,,N,06:32:24,,,,,,,,,06:32:24,,,,,20240527064726,2024-05-27 06:47:26,,,544569785205.67,00:00:00,,0,,0.01
SOFL,TQBR,,,,,0,0,0,,,,,0,0,0,0.0,0,,0,0,0,,,173.1,0,0,0,0,0,,N,06:32:24,,,,,,,,,06:32:24,,,,,20240527064726,2024-05-27 06:47:26,,,55352160000.0,00:00:00,,0,,0.0
SPBE,TQBR,,,,,0,0,0,,,,,0,0,0,0.0,0,,0,0,0,,,116.1,0,0,0,0,0,,N,06:32:24,,,,,,,,,06:32:24,,,,,20240527064726,2024-05-27 06:47:26,,,15356755649.2,00:00:00,,0,,0.0
STSB,TQBR,,,,,0,0,0,,,,,0,0,0,0.0,0,,0,0,0,,,3.24,0,0,0,0,0,,N,06:32:18,,,,,,,,,06:32:18,,,,,20240527064718,2024-05-27 06:47:18,,,2757629581.56,00:00:00,,0,,0.0
STSBP,TQBR,,,,,0,0,0,,,,,0,0,0,0.0,0,,0,0,0,,,3.196,0,0,0,0,0,,N,06:32:18,,,,,,,,,06:32:18,,,,,20240527064718,2024-05-27 06:47:18,,,842390569.9,00:00:00,,0,,0.0
SVAV,TQBR,,,,,0,0,0,,,,,0,0,0,0.0,0,,0,0,0,,,1032.5,0,0,0,0,0,,N,06:32:24,,,,,,,,,06:32:24,,,,,20240527064726,2024-05-27 06:47:26,,,32037006017.5,00:00:00,,0,,0.0
SVCB,TQBR,,,,,0,0,0,,,,,0,0,0,0.0,0,,0,0,0,,,18.32,0,0,0,0,0,,N,06:32:24,,,,,,,,,06:32:24,,,,,20240527064726,2024-05-27 06:47:26,,,377043693842.5,00:00:00,,0,,0.0
SVET,TQBR,,,,,0,0,0,,,,,0,0,0,0.0,0,,0,0,0,,,29.05,0,0,0,0,0,,N,06:32:18,,,,,,,,,06:32:18,,,,,20240527064718,2024-05-27 06:47:18,,,645438150.0,00:00:00,,0,,0.0
SVETP,TQBR,,,,,0,0,0,,,,,0,0,0,0.0,0,,0,0,0,,,,0,0,0,0,0,,N,06:32:18,,,,,,,,,06:32:18,,,,,20240527064718,2024-05-27 06:47:18,,,,,,0,,
TASB,TQBR,,,,,0,0,0,,,,,0,0,0,0.0,0,,0,0,0,,,2.126,0,0,0,0,0,,N,06:32:18,,,,,,,,,06:32:18,,,,,20240527064718,2024-05-27 06:47:18,,,3210676395.52,00:00:00,,0,,0.0
TASBP,TQBR,,,,,0,0,0,,,,,0,0,0,0.0,0,,0,0,0,,,1.182,0,0,0,0,0,,N,06:32:18,,,,,,,,,06:32:18,,,,,20240527064718,2024-05-27 06:47:18,,,255450784.24,00:00:00,,0,,0.0
TATN,TQBR,,,,,0,0,0,,,,,0,0,0,0.0,0,,0,0,0,,,728.6,0,0,0,0,0,,N,06:32:24,,,,,,,,,06:32:24,,,,,20240527064726,2024-05-27 06:47:26,,,1595019461470.0,00:00:00,,0,,0.0
TATNP,TQBR,,,,,0,0,0,,,,,0,0,0,0.0,0,,0,0,0,,,721.2,0,0,0,0,0,,N,06:32:24,,,,,,,,,06:32:24,,,,,20240527064726,2024-05-27 06:47:26,,,106692898050.0,00:00:00,,0,,0.0
TCSG,TQBR,,,,,0,0,0,,,,,0,0,0,0.0,0,,0,0,0,,,2937.0,0,0,0,0,0,,N,06:32:24,,,,,,,,,06:32:24,,,,,20240527064726,2024-05-27 06:47:26,,,579879328974.0,00:00:00,,0,,0.0
TGKA,TQBR,,,,,0,0,0,,,,,0,0,0,0.0,0,,0,0,0,,,0.009098,0,0,0,0,0,,N,06:32:24,,,,,,,,,06:32:24,,,,,20240527064726,2024-05-27 06:47:26,,,34442394898.48,00:00:00,,0,,0.0
TGKB,TQBR,,,,,0,0,0,,,,,0,0,0,0.0,0,,0,0,0,,,0.01201,0,0,0,0,0,,N,06:32:18,,,,,,,,,06:32:18,,,,,20240527064718,2024-05-27 06:47:18,,,17267513432.84,00:00:00,,0,,0.0
TGKBP,TQBR,,,,,0,0,0,,,,,0,0,0,0.0,0,,0,0,0,,,0.01841,0,0,0,0,0,,N,06:32:18,,,,,,,,,06:32:18,,,,,20240527064718,2024-05-27 06:47:18,,,304269841.08,00:00:00,,0,,0.0
TGKN,TQBR,,,,,0,0,0,,,,,0,0,0,0.0,0,,0,0,0,,,0.01548,0,0,0,0,0,,N,06:32:18,,,,,,,,,06:32:18,,,,,20240527064718,2024-05-27 06:47:18,,,21048156941.27,00:00:00,,0,,0.0
TNSE,TQBR,,,,,0,0,0,,,,,0,0,0,0.0,0,,0,0,0,,,3210.0,0,0,0,0,0,,N,06:32:18,,,,,,,,,06:32:18,,,,,20240527064718,2024-05-27 06:47:18,,,43465000020.0,00:00:00,,0,,0.0
TORS,TQBR,,,,,0,0,0,,,,,0,0,0,0.0,0,,0,0,0,,,1.022,0,0,0,0,0,,N,06:32:18,,,,,,,,,06:32:18,,,,,20240527064718,2024-05-27 06:47:18,,,3857508735.8,00:00:00,,0,,0.0
TORSP,TQBR,,,,,0,0,0,,,,,0,0,0,0.0,0,,0,0,0,,,0.512,0,0,0,0,0,,N,06:32:18,,,,,,,,,06:32:18,,,,,20240527064718,2024-05-27 06:47:18,,,291806658.0,00:00:00,,0,,0.0
TRMK,TQBR,,,,,0,0,0,,,,,0,0,0,0.0,0,,0,0,0,,,218.96,0,0,0,0,0,,N,06:32:24,,,,,,,,,06:32:24,,,,,20240527064726,2024-05-27 06:47:26,,,225946704544.2,00:00:00,,0,,0.0
TRNFP,TQBR,,,,,0,0,0,,,,,0,0,0,0.0,0,,0,0,0,,,1673.0,0,0,0,0,0,,N,06:32:24,,,,,,,,,06:32:24,,,,,20240527064726,2024-05-27 06:47:26,,,258575712500.0,00:00:00,,0,,0.0
TTLK,TQBR,,,,,0,0,0,,,,,0,0,0,0.0,0,,0,0,0,,,1.031,0,0,0,0,0,,N,06:32:18,,,,,,,,,06:32:18,,,,,20240527064718,2024-05-27 06:47:18,,,21198323998.8,00:00:00,,0,,0.0
TUZA,TQBR,,,,,0,0,0,,,,,0,0,0,0.0,0,,0,0,0,,,334.5,0,0,0,0,0,,N,06:32:18,,,,,,,,,06:32:18,,,,,20240527064718,2024-05-27 06:47:18,,,2704380000.0,00:00:00,,0,,0.0
UGLD,TQBR,,,,,0,0,0,,,,,0,0,0,0.0,0,,0,0,0,,,1.0146,0,0,0,0,0,,N,06:32:18,,,,,,,,,06:32:18,,,,,20240527064718,2024-05-27 06:47:18,,,213529603000.9,00:00:00,,0,,0.0
UKUZ,TQBR,,,,,0,0,0,,,,,0,0,0,0.0,0,,0,0,0,,,1542.0,0,0,0,0,0,,N,06:32:18,,,,,,,,,06:32:18,,,,,20240527064718,2024-05-27 06:47:18,,,54657291024.0,00:00:00,,0,,0.0
UNAC,TQBR,,,,,0,0,0,,,,,0,0,0,0.0,0,,0,0,0,,,0.994,0,0,0,0,0,,N,06:32:24,,,,,,,,,06:32:24,,,,,20240527064726,2024-05-27 06:47:26,,,517218056605.49,00:00:00,,0,,0.0
UNKL,TQBR,,,,,0,0,0,,,,,0,0,0,0.0,0,,0,0,0,,,7100.0,0,0,0,0,0,,N,06:32:18,,,,,,,,,06:32:18,,,,,20240527064718,2024-05-27 06:47:18,,,4192161630.0,00:00:00,,0,,0.0
UPRO,TQBR,,,,,0,0,0,,,,,0,0,0,0.0,0,,0,0,0,,,2.043,0,0,0,0,0,,N,06:32:24,,,,,,,,,06:32:24,,,,,20240527064726,2024-05-27 06:47:26,,,127862776062.06,00:00:00,,0,,0.0
URKZ,TQBR,,,,,0,0,0,,,,,0,0,0,0.0,0,,0,0,0,,,28800.0,0,0,0,0,0,,N,06:32:18,,,,,,,,,06:32:18,,,,,20240527064718,2024-05-27 06:47:18,,,15665964600.0,00:00:00,,0,,0.0
USBN,TQBR,,,,,0,0,0,,,,,0,0,0,0.0,0,,0,0,0,,,0.269,0,0,0,0,0,,N,06:32:18,,,,,,,,,06:32:18,,,,,20240527064718,2024-05-27 06:47:18,,,96155964194.32,00:00:00,,0,,0.0
UTAR,TQBR,,,,,0,0,0,,,,,0,0,0,0.0,0,,0,0,0,,,17.97,0,0,0,0,0,,N,06:32:18,,,,,,,,,06:32:18,,,,,20240527064718,2024-05-27 06:47:18,,,139761381843.6,00:00:00,,0,,0.0
VEON-RX,TQBR,,,,,0,0,0,,,,,0,0,0,0.0,0,,0,0,0,,,36.55,0,0,0,0,0,,N,06:32:18,,,,,,,,,06:32:18,,,,,20240527064718,2024-05-27 06:47:18,,,64018062986.4,00:00:00,,0,,0.0
VGSB,TQBR,,,,,0,0,0,,,,,0,0,0,0.0,0,,0,0,0,,,17.3,0,0,0,0,0,,N,06:32:18,,,,,,,,,06:32:18,,,,,20240527064718,2024-05-27 06:47:18,,,5465091001.5,00:00:00,,0,,0.0
VGSBP,TQBR,,,,,0,0,0,,,,,0,0,0,0.0,0,,0,0,0,,,11.02,0,0,0,0,0,,N,06:32:18,,,,,,,,,06:32:18,,,,,20240527064718,2024-05-27 06:47:18,,,869390647.2,00:00:00,,0,,0.0
VJGZ,TQBR,,,,,0,0,0,,,,,0,0,0,0.0,0,,0,0,0,,,3406.0,0,0,0,0,0,,N,06:32:18,,,,,,,,,06:32:18,,,,,20240527064718,2024-05-27 06:47:18,,,58940836380.0,00:00:00,,0,,0.0
VJGZP,TQBR,,,,,0,0,0,,,,,0,0,0,0.0,0,,0,0,0,,,2377.0,0,0,0,0,0,,N,06:32:18,,,,,,,,,06:32:18,,,,,20240527064718,2024-05-27 06:47:18,,,13789869200.0,00:00:00,,0,,0.0
VKCO,TQBR,,,,,0,0,0,,,,,0,0,0,0.0,0,,0,0,0,,,593.0,0,0,0,0,0,,N,06:32:24,,,,,,,,,06:32:24,,,,,20240527064726,2024-05-27 06:47:26,,,132440915128.0,00:00:00,,0,,0.0
VLHZ,TQBR,,,,,0,0,0,,,,,0,0,0,0.0,0,,0,0,0,,,261.0,0,0,0,0,0,,N,06:32:18,,,,,,,,,06:32:18,,,,,20240527064718,2024-05-27 06:47:18,,,1293448332.0,00:00:00,,0,,0.0
VRSB,TQBR,,,,,0,0,0,,,,,0,0,0,0.0,0,,0,0,0,,,620.0,0,0,0,0,0,,N,06:32:18,,,,,,,,,06:32:18,,,,,20240527064718,2024-05-27 06:47:18,,,34645181808.0,00:00:00,,0,,0.0
VRSBP,TQBR,,,,,0,0,0,,,,,0,0,0,0.0,0,,0,0,0,,,174.6,0,0,0,0,0,,N,06:32:18,,,,,,,,,06:32:18,,,,,20240527064718,2024-05-27 06:47:18,,,3252958636.4,00:00:00,,0,,0.0
VSMO,TQBR,,,,,0,0,0,,,,,0,0,0,0.0,0,,0,0,0,,,37120.0,0,0,0,0,0,,N,06:32:24,,,,,,,,,06:32:24,,,,,20240527064726,2024-05-27 06:47:26,,,425901133720.0,00:00:00,,0,,0.0
VSYD,TQBR,,,,,0,0,0,,,,,0,0,0,0.0,0,,0,0,0,,,16250.0,0,0,0,0,0,,N,06:32:18,,,,,,,,,06:32:18,,,,,20240527064718,2024-05-27 06:47:18,,,30732812500.0,18:32:14,,0,,0.0
VSYDP,TQBR,,,,,0,0,0,,,,,0,0,0,0.0,0,,0,0,0,,,11860.0,0,0,0,0,0,,N,06:32:18,,,,,,,,,06:32:18,,,,,20240527064718,2024-05-27 06:47:18,,,609626640.0,00:00:00,,0,,0.0
VTBR,TQBR,,,,,0,0,0,,,,,0,0,0,0.0,0,,0,0,0,,,0.022645,0,0,0,0,0,,N,06:32:24,,,,,,,,,06:32:24,,,,,20240527064726,2024-05-27 06:47:26,,,590961224928.83,00:00:00,,0,,0.0
WTCM,TQBR,,,,,0,0,0,,,,,0,0,0,0.0,0,,0,0,0,,,14.96,0,0,0,0,0,,N,06:32:18,,,,,,,,,06:32:18,,,,,20240527064718,2024-05-27 06:47:18,,,15898440000.0,00:00:00,,0,,0.0
WTCMP,TQBR,,,,,0,0,0,,,,,0,0,0,0.0,0,,0,0,0,,,10.92,0,0,0,0,0,,N,06:32:18,,,,,,,,,06:32:18,,,,,20240527064718,2024-05-27 06:47:18,,,1756080000.0,00:00:00,,0,,0.0
WUSH,TQBR,,,,,0,0,0,,,,,0,0,0,0.0,0,,0,0,0,,,306.72,0,0,0,0,0,,N,06:32:24,,,,,,,,,06:32:24,,,,,20240527064726,2024-05-27 06:47:26,,,33905926125.12,00:00:00,,0,,0.0
YAKG,TQBR,,,,,0,0,0,,,,,0,0,0,0.0,0,,0,0,0,,,89.5,0,0,0,0,0,,N,06:32:18,,,,,,,,,06:32:18,,,,,20240527064718,2024-05-27 06:47:18,,,73099672750.0,00:00:00,,0,,0.0
YKEN,TQBR,,,,,0,0,0,,,,,0,0,0,0.0,0,,0,0,0,,,0.686,0,0,0,0,0,,N,06:32:18,,,,,,,,,06:32:18,,,,,20240527064718,2024-05-27 06:47:18,,,6927664168.32,00:00:00,,0,,0.0
YKENP,TQBR,,,,,0,0,0,,,,,0,0,0,0.0,0,,0,0,0,,,0.566,0,0,0,0,0,,N,06:32:18,,,,,,,,,06:32:18,,,,,20240527064718,2024-05-27 06:47:18,,,748940940.25,00:00:00,,0,,0.0
YNDX,TQBR,,,,,0,0,0,,,,,0,0,0,0.0,0,,0,0,0,,,4220.2,0,0,0,0,0,,N,06:32:24,,,,,,,,,06:32:24,,,,,20240527064726,2024-05-27 06:47:26,,,1367113037484.0,00:00:00,,0,,0.0
YRSB,TQBR,,,,,0,0,0,,,,,0,0,0,0.0,0,,0,0,0,,,1132.0,0,0,0,0,0,,N,06:32:18,,,,,,,,,06:32:18,,,,,20240527064718,2024-05-27 06:47:18,,,19097952576.0,00:00:00,,0,,0.0
YRSBP,TQBR,,,,,0,0,0,,,,,0,0,0,0.0,0,,0,0,0,,,253.0,0,0,0,0,0,,N,06:32:18,,,,,,,,,06:32:18,,,,,20240527064718,2024-05-27 06:47:18,,,1122322680.0,00:00:00,,0,,0.0
ZAYM,TQBR,,,,,0,0,0,,,,,0,0,0,0.0,0,,0,0,0,,,209.65,0,0,0,0,0,,N,06:32:18,,,,,,,,,06:32:18,,,,,20240527064718,2024-05-27 06:47:18,,,20405000000.0,00:00:00,,0,,0.0
ZILL,TQBR,,,,,0,0,0,,,,,0,0,0,0.0,0,,0,0,0,,,3500.0,0,0,0,0,0,,N,06:32:18,,,,,,,,,06:32:18,,,,,20240527064718,2024-05-27 06:47:18,,,9070470420.0,00:00:00,,0,,0.0
ZVEZ,TQBR,,,,,0,0,0,,,,,0,0,0,0.0,0,,0,0,0,,,11.29,0,0,0,0,0,,N,06:32:18,,,,,,,,,06:32:18,,,,,20240527064718,2024-05-27 06:47:18,,,6283388966.4,00:00:00,,0,,0.0
